GEO.id,GEO.id2,GEO.display-label,HD01_VD01,HD02_VD01,HD01_VD02,HD02_VD02,HD01_VD03,HD02_VD03,HD01_VD04,HD02_VD04,HD01_VD05,HD02_VD05,HD01_VD06,HD02_VD06,HD01_VD07,HD02_VD07,HD01_VD08,HD02_VD08,HD01_VD09,HD02_VD09,HD01_VD10,HD02_VD10,HD01_VD11,HD02_VD11,HD01_VD12,HD02_VD12,HD01_VD13,HD02_VD13,HD01_VD14,HD02_VD14,HD01_VD15,HD02_VD15,HD01_VD16,HD02_VD16,HD01_VD17,HD02_VD17,HD01_VD18,HD02_VD18,HD01_VD19,HD02_VD19,HD01_VD20,HD02_VD20,HD01_VD21,HD02_VD21,HD01_VD22,HD02_VD22,HD01_VD23,HD02_VD23,HD01_VD24,HD02_VD24,HD01_VD25,HD02_VD25
Id,Id2,Geography,Estimate; Total:,Margin of Error; Total:,Estimate; Total: - No schooling completed,Margin of Error; Total: - No schooling completed,Estimate; Total: - Nursery school,Margin of Error; Total: - Nursery school,Estimate; Total: - Kindergarten,Margin of Error; Total: - Kindergarten,Estimate; Total: - 1st grade,Margin of Error; Total: - 1st grade,Estimate; Total: - 2nd grade,Margin of Error; Total: - 2nd grade,Estimate; Total: - 3rd grade,Margin of Error; Total: - 3rd grade,Estimate; Total: - 4th grade,Margin of Error; Total: - 4th grade,Estimate; Total: - 5th grade,Margin of Error; Total: - 5th grade,Estimate; Total: - 6th grade,Margin of Error; Total: - 6th grade,Estimate; Total: - 7th grade,Margin of Error; Total: - 7th grade,Estimate; Total: - 8th grade,Margin of Error; Total: - 8th grade,Estimate; Total: - 9th grade,Margin of Error; Total: - 9th grade,Estimate; Total: - 10th grade,Margin of Error; Total: - 10th grade,Estimate; Total: - 11th grade,Margin of Error; Total: - 11th grade,"Estimate; Total: - 12th grade, no diploma","Margin of Error; Total: - 12th grade, no diploma",Estimate; Total: - Regular high school diploma,Margin of Error; Total: - Regular high school diploma,Estimate; Total: - GED or alternative credential,Margin of Error; Total: - GED or alternative credential,"Estimate; Total: - Some college, less than 1 year","Margin of Error; Total: - Some college, less than 1 year","Estimate; Total: - Some college, 1 or more years, no degree","Margin of Error; Total: - Some college, 1 or more years, no degree",Estimate; Total: - Associate's degree,Margin of Error; Total: - Associate's degree,Estimate; Total: - Bachelor's degree,Margin of Error; Total: - Bachelor's degree,Estimate; Total: - Master's degree,Margin of Error; Total: - Master's degree,Estimate; Total: - Professional school degree,Margin of Error; Total: - Professional school degree,Estimate; Total: - Doctorate degree,Margin of Error; Total: - Doctorate degree
1400000US05119000200,05119000200,"Census Tract 2, Pulaski County, Arkansas",588,82,20,19,0,11,0,11,0,11,0,11,0,11,0,11,4,6,4,6,5,8,5,7,13,14,22,18,68,32,13,9,210,66,14,12,67,31,105,39,23,15,8,9,7,7,0,11,0,11
1400000US05119000500,05119000500,"Census Tract 5, Pulaski County, Arkansas",1789,250,10,13,0,11,0,11,0,11,4,7,0,11,0,11,0,11,7,11,0,11,4,10,38,36,20,22,164,117,26,30,619,186,82,53,80,52,439,112,139,77,110,47,27,24,0,11,20,22
1400000US05119001100,05119001100,"Census Tract 11, Pulaski County, Arkansas",1661,316,23,37,0,11,0,11,0,11,0,11,0,11,0,11,0,11,0,11,29,36,0,11,24,28,35,28,78,56,80,84,576,201,58,61,80,63,334,131,52,52,224,127,59,40,0,11,9,15
1400000US05119001200,05119001200,"Census Tract 12, Pulaski County, Arkansas",1051,265,11,12,0,11,0,11,0,11,0,11,0,11,0,11,0,11,5,10,1,2,19,18,7,10,49,32,123,69,36,23,485,184,57,39,29,19,151,49,32,22,19,17,24,24,0,11,3,5
1400000US05119001300,05119001300,"Census Tract 13, Pulaski County, Arkansas",1626,305,5,7,0,11,0,11,0,11,0,11,6,9,0,11,0,11,0,11,6,8,0,11,90,63,40,34,154,88,24,22,609,191,62,38,114,56,255,94,104,51,111,55,35,20,11,17,0,11
1400000US05119001501,05119001501,"Census Tract 15.01, Pulaski County, Arkansas",3026,304,0,11,0,11,0,11,0,11,3,6,0,11,0,11,33,53,0,11,0,11,53,65,0,11,12,21,0,11,46,55,315,215,41,39,76,64,488,177,96,73,964,197,495,149,348,143,56,55
1400000US05119001502,05119001502,"Census Tract 15.02, Pulaski County, Arkansas",2729,337,0,11,0,11,0,11,0,11,0,11,0,11,0,11,0,11,0,11,0,11,0,11,0,11,131,149,0,11,0,11,105,81,92,95,230,106,439,266,153,109,732,196,467,159,315,149,65,55
1400000US05119001600,05119001600,"Census Tract 16, Pulaski County, Arkansas",4340,323,0,16,0,16,0,16,0,16,0,16,0,16,0,16,0,16,0,16,12,20,23,35,14,22,12,19,90,77,14,22,404,165,66,64,58,47,367,135,154,88,1650,244,648,166,482,152,346,160
1400000US05119001800,05119001800,"Census Tract 18, Pulaski County, Arkansas",2902,334,84,74,0,11,0,11,0,11,0,11,0,11,0,11,10,17,15,17,8,13,69,64,55,47,35,31,177,81,85,61,629,199,282,138,134,67,700,195,126,73,369,124,107,70,17,20,0,11
1400000US05119001900,05119001900,"Census Tract 19, Pulaski County, Arkansas",2129,312,39,36,0,11,0,11,0,11,7,14,9,14,14,22,0,11,0,11,33,48,0,11,68,79,48,36,41,39,57,42,834,203,46,43,80,53,526,169,73,44,216,91,38,30,0,11,0,11
1400000US05119002001,05119002001,"Census Tract 20.01, Pulaski County, Arkansas",3044,375,50,39,0,16,0,16,0,16,0,16,19,33,25,46,0,16,0,16,0,16,10,21,38,38,40,50,87,64,30,36,1341,324,127,116,118,82,593,246,182,129,285,130,99,83,0,16,0,16
1400000US05119002002,05119002002,"Census Tract 20.02, Pulaski County, Arkansas",2832,361,67,67,0,11,29,43,0,11,74,70,0,11,0,11,0,11,34,51,0,11,25,28,68,60,113,90,142,101,46,37,1013,280,93,58,168,62,462,123,232,100,189,95,77,65,0,11,0,11
1400000US05119002102,05119002102,"Census Tract 21.02, Pulaski County, Arkansas",2631,285,13,18,0,11,0,11,0,11,0,11,43,63,0,11,0,11,32,52,0,11,11,17,0,11,31,26,73,52,21,24,746,210,152,77,278,107,364,125,87,51,462,155,235,95,33,29,50,40
1400000US05119002103,05119002103,"Census Tract 21.03, Pulaski County, Arkansas",2665,254,35,54,0,11,0,11,0,11,0,11,8,16,0,11,0,11,0,11,0,11,0,11,0,11,7,16,23,36,27,21,447,154,57,66,98,77,672,144,165,90,674,194,318,124,48,37,86,67
1400000US05119002104,05119002104,"Census Tract 21.04, Pulaski County, Arkansas",3807,372,0,16,0,16,0,16,0,16,0,16,0,16,0,16,0,16,0,16,0,16,0,16,0,16,7,13,50,69,11,26,549,182,53,44,163,96,650,254,103,87,1429,269,492,206,214,137,86,60
1400000US05119002203,05119002203,"Census Tract 22.03, Pulaski County, Arkansas",4060,358,11,18,0,16,0,16,0,16,0,16,0,16,36,52,0,16,10,22,0,16,14,23,12,22,33,38,0,16,90,110,904,283,145,126,282,157,776,251,80,62,1106,244,346,128,128,66,87,64
1400000US05119002204,05119002204,"Census Tract 22.04, Pulaski County, Arkansas",4835,478,0,16,0,16,0,16,0,16,0,16,0,16,0,16,0,16,0,16,0,16,0,16,0,16,14,24,13,22,32,37,813,271,89,69,332,143,891,290,202,114,1381,279,661,161,248,118,159,96
1400000US05119002206,05119002206,"Census Tract 22.06, Pulaski County, Arkansas",2353,307,36,53,0,11,0,11,0,11,0,11,0,11,0,11,0,11,0,11,0,11,6,9,4,8,0,11,8,16,41,61,161,74,19,27,150,113,628,245,108,86,707,232,370,155,57,68,58,43
1400000US05119002208,05119002208,"Census Tract 22.08, Pulaski County, Arkansas",1711,210,0,11,0,11,0,11,0,11,0,11,0,11,0,11,0,11,0,11,0,11,0,11,0,11,0,11,0,11,0,11,437,202,9,16,108,60,389,154,75,44,522,153,130,68,13,15,28,22
1400000US05119002209,05119002209,"Census Tract 22.09, Pulaski County, Arkansas",2191,241,15,32,0,11,0,11,0,11,0,11,0,11,0,11,0,11,0,11,0,11,0,11,33,54,11,18,42,52,46,53,486,212,97,71,136,101,302,113,113,53,638,163,234,86,17,28,21,24
1400000US05119002403,05119002403,"Census Tract 24.03, Pulaski County, Arkansas",2445,332,77,64,0,11,0,11,13,26,0,11,16,26,0,11,0,11,67,48,9,16,35,47,57,47,27,31,8,13,4,7,750,231,86,62,119,59,508,158,221,98,377,151,49,41,22,21,0,11
1400000US05119002405,05119002405,"Census Tract 24.05, Pulaski County, Arkansas",3110,314,60,48,0,11,0,11,0,11,0,11,0,11,8,13,0,11,31,48,0,11,40,32,77,86,37,33,37,30,12,19,636,182,34,30,301,124,558,159,266,137,612,163,239,92,125,91,37,30
1400000US05119002406,05119002406,"Census Tract 24.06, Pulaski County, Arkansas",2152,323,10,17,0,11,0,11,0,11,0,11,0,11,0,11,0,11,59,70,0,11,49,48,36,49,55,54,91,60,69,57,615,202,19,22,155,83,415,150,219,127,276,90,84,48,0,11,0,11
1400000US05119002407,05119002407,"Census Tract 24.07, Pulaski County, Arkansas",1373,119,0,11,0,11,0,11,0,11,0,11,0,11,0,11,0,11,6,8,0,11,8,17,0,11,19,22,0,11,25,20,174,71,30,24,106,38,162,50,122,39,450,96,134,41,103,44,34,20
1400000US05119002408,05119002408,"Census Tract 24.08, Pulaski County, Arkansas",4557,369,64,62,0,16,5,11,0,16,0,16,5,11,0,16,0,16,33,43,62,66,0,16,0,16,57,50,353,179,138,94,1373,344,188,80,245,113,704,216,273,137,682,228,349,142,0,16,26,33
1400000US05119002500,05119002500,"Census Tract 25, Pulaski County, Arkansas",958,164,8,14,0,11,0,11,0,11,3,5,0,11,0,11,0,11,3,5,0,11,0,11,11,12,31,33,60,48,12,13,146,97,66,32,59,29,206,81,40,30,172,61,96,77,30,27,15,17
1400000US05119002600,05119002600,"Census Tract 26, Pulaski County, Arkansas",757,144,69,52,12,17,0,11,0,11,0,11,0,11,0,11,6,9,0,11,16,18,15,14,7,11,62,51,63,45,16,16,231,78,23,22,75,38,96,47,21,27,38,34,0,11,7,10,0,11
1400000US05119002700,05119002700,"Census Tract 27, Pulaski County, Arkansas",5072,714,164,129,0,16,4,12,0,16,0,16,0,16,0,16,0,16,49,73,32,49,120,122,303,295,142,116,225,152,126,109,1384,379,411,157,383,187,871,284,345,160,240,122,273,208,0,16,0,16
1400000US05119002800,05119002800,"Census Tract 28, Pulaski County, Arkansas",1281,192,12,13,0,11,0,11,3,6,0,11,15,24,18,30,0,11,0,11,0,11,21,19,19,24,38,26,126,113,23,28,441,134,86,50,82,42,182,88,90,54,91,53,34,35,0,11,0,11
1400000US05119002900,05119002900,"Census Tract 29, Pulaski County, Arkansas",884,128,37,29,0,11,0,11,0,11,0,11,0,11,0,11,13,19,15,24,16,22,3,7,16,13,32,25,26,24,29,21,336,104,34,17,71,35,112,44,32,23,60,38,49,35,3,8,0,11
1400000US05119003001,05119003001,"Census Tract 30.01, Pulaski County, Arkansas",1945,310,24,27,0,11,0,11,0,11,0,11,0,11,0,11,11,18,89,84,38,52,4,8,12,19,78,84,148,85,9,21,535,224,195,122,160,73,352,145,145,100,125,83,20,22,0,11,0,11
1400000US05119003002,05119003002,"Census Tract 30.02, Pulaski County, Arkansas",1927,227,61,42,0,11,0,11,0,11,0,11,0,11,0,11,0,11,103,114,8,13,31,34,32,30,38,34,126,73,32,32,490,142,77,44,143,64,364,125,95,53,221,115,81,56,25,28,0,11
1400000US05119003100,05119003100,"Census Tract 31, Pulaski County, Arkansas",537,107,0,11,0,11,0,11,0,11,0,11,0,11,3,6,0,11,21,28,0,11,3,7,34,30,18,17,30,27,0,11,127,59,18,16,18,17,120,54,27,24,90,51,24,25,0,11,4,6
1400000US05119003202,05119003202,"Census Tract 32.02, Pulaski County, Arkansas",4330,404,15,24,0,16,10,21,0,16,0,16,0,16,0,16,59,70,199,217,0,16,10,21,21,27,62,71,26,37,11,17,1491,509,89,66,361,183,949,282,531,203,377,172,98,68,21,36,0,16
1400000US05119003205,05119003205,"Census Tract 32.05, Pulaski County, Arkansas",0,11,0,11,0,11,0,11,0,11,0,11,0,11,0,11,0,11,0,11,0,11,0,11,0,11,0,11,0,11,0,11,0,11,0,11,0,11,0,11,0,11,0,11,0,11,0,11,0,11
1400000US05119003207,05119003207,"Census Tract 32.07, Pulaski County, Arkansas",1288,174,26,36,6,9,0,11,0,11,0,11,0,11,0,11,0,11,0,11,0,11,4,7,8,13,26,31,12,15,8,12,470,138,96,40,78,36,181,64,140,85,179,91,40,31,6,10,8,13
1400000US05119003208,05119003208,"Census Tract 32.08, Pulaski County, Arkansas",2827,348,45,42,0,11,0,11,0,11,0,11,0,11,0,11,0,11,0,11,12,18,0,11,148,177,28,36,195,152,102,58,805,230,183,105,187,91,479,138,197,91,313,135,100,59,26,29,7,11
1400000US05119003303,05119003303,"Census Tract 33.03, Pulaski County, Arkansas",3337,361,19,36,0,11,0,11,0,11,0,11,0,11,0,11,0,11,0,11,0,11,0,11,0,11,21,26,9,15,31,32,773,237,89,62,123,76,598,220,152,106,845,198,471,157,167,97,39,33
1400000US05119003304,05119003304,"Census Tract 33.04, Pulaski County, Arkansas",4199,389,0,16,0,16,0,16,0,16,0,16,0,16,0,16,0,16,0,16,0,16,16,25,0,16,0,16,0,16,0,16,764,225,45,45,330,135,681,215,350,138,1351,255,456,250,176,82,30,36
1400000US05119003305,05119003305,"Census Tract 33.05, Pulaski County, Arkansas",2826,340,0,11,0,11,0,11,0,11,0,11,0,11,0,11,0,11,8,14,17,20,8,13,142,166,6,11,66,72,0,11,713,187,134,54,156,84,368,119,260,107,648,189,200,92,81,62,19,15
1400000US05119003306,05119003306,"Census Tract 33.06, Pulaski County, Arkansas",2143,222,12,18,0,11,0,11,0,11,0,11,0,11,0,11,0,11,0,11,26,45,0,11,46,79,17,19,0,11,19,32,553,140,71,59,159,66,447,126,253,122,296,107,200,87,39,22,5,9
1400000US05119003402,05119003402,"Census Tract 34.02, Pulaski County, Arkansas",4471,384,0,16,0,16,0,16,0,16,0,16,0,16,0,16,0,16,0,16,0,16,41,46,75,90,138,113,73,54,0,16,1212,266,393,186,497,185,853,237,320,125,580,235,275,146,14,23,0,16
1400000US05119003403,05119003403,"Census Tract 34.03, Pulaski County, Arkansas",2149,209,15,18,0,11,0,11,10,17,0,11,0,11,0,11,0,11,5,8,0,11,30,31,0,11,62,55,39,36,27,36,785,168,297,125,235,128,290,112,172,76,86,63,90,80,6,9,0,11
1400000US05119003404,05119003404,"Census Tract 34.04, Pulaski County, Arkansas",3885,440,0,11,0,11,0,11,0,11,0,11,0,11,0,11,0,11,34,50,55,63,28,50,120,108,62,70,25,39,275,186,1160,368,389,180,327,145,509,169,326,156,385,165,112,82,78,81,0,11
1400000US05119003500,05119003500,"Census Tract 35, Pulaski County, Arkansas",1048,133,13,19,0,11,0,11,0,11,0,11,0,11,0,11,0,11,0,11,0,11,0,11,10,12,4,6,0,11,0,11,124,46,12,11,98,43,387,116,94,46,206,55,87,56,5,7,8,8
1400000US05119003604,05119003604,"Census Tract 36.04, Pulaski County, Arkansas",4349,327,0,16,0,16,0,16,0,16,0,16,0,16,0,16,0,16,27,43,6,14,8,16,16,26,56,46,0,16,12,20,1351,296,58,56,445,139,843,238,602,216,634,171,267,119,24,38,0,16
1400000US05119003605,05119003605,"Census Tract 36.05, Pulaski County, Arkansas",3160,405,120,115,0,16,0,16,0,16,47,72,0,16,0,16,0,16,0,16,0,16,15,28,0,16,100,89,60,78,58,68,705,150,156,93,318,145,512,218,203,117,536,193,227,128,14,23,89,73
1400000US05119003606,05119003606,"Census Tract 36.06, Pulaski County, Arkansas",1793,229,28,30,0,11,0,11,7,12,0,11,0,11,0,11,0,11,26,30,0,11,53,40,106,103,48,45,65,55,86,71,591,120,169,89,109,78,211,91,85,56,129,64,72,60,0,11,8,13
1400000US05119003607,05119003607,"Census Tract 36.07, Pulaski County, Arkansas",2877,342,15,19,0,16,0,16,0,16,0,16,0,16,0,16,0,16,77,66,17,19,36,23,25,29,68,57,64,44,154,102,731,155,272,109,173,95,558,139,379,134,249,125,51,37,0,16,8,13
1400000US05119003608,05119003608,"Census Tract 36.08, Pulaski County, Arkansas",3090,297,61,68,0,11,0,11,0,11,0,11,0,11,24,39,0,11,28,44,0,11,0,11,22,36,52,49,19,25,56,53,870,222,168,109,175,89,809,234,289,144,399,190,104,78,14,23,0,11
1400000US05119003609,05119003609,"Census Tract 36.09, Pulaski County, Arkansas",3055,354,0,11,0,11,0,11,0,11,0,11,0,11,0,11,0,11,128,169,0,11,7,10,12,14,81,65,32,31,41,39,995,196,271,125,119,60,689,223,150,74,269,91,217,92,15,25,29,27
1400000US05119003703,05119003703,"Census Tract 37.03, Pulaski County, Arkansas",4771,289,59,67,0,16,0,16,0,16,0,16,0,16,25,40,0,16,14,24,0,16,0,16,108,130,48,57,65,60,81,68,765,188,235,144,332,113,671,203,360,143,1389,260,534,198,60,47,25,28
1400000US05119003704,05119003704,"Census Tract 37.04, Pulaski County, Arkansas",2444,221,0,11,0,11,0,11,0,11,0,11,8,12,0,11,0,11,8,12,0,11,51,39,22,18,47,54,38,31,20,25,488,163,142,68,169,87,583,159,269,95,423,109,154,78,5,9,17,20
1400000US05119003706,05119003706,"Census Tract 37.06, Pulaski County, Arkansas",735,67,0,11,0,11,0,11,0,11,0,11,0,11,0,11,0,11,0,11,0,11,8,11,14,15,0,11,0,11,4,6,184,62,8,12,42,21,118,48,32,20,242,58,67,37,6,8,10,10
1400000US05119003707,05119003707,"Census Tract 37.07, Pulaski County, Arkansas",2846,256,10,16,0,11,5,11,0,11,0,11,0,11,0,11,0,11,8,12,9,14,28,30,0,11,73,75,14,17,47,46,754,184,47,44,164,65,430,132,211,75,655,170,232,90,91,50,68,47
1400000US05119003710,05119003710,"Census Tract 37.10, Pulaski County, Arkansas",2408,185,14,19,0,11,0,11,0,11,0,11,0,11,0,11,0,11,0,11,0,11,0,11,19,16,18,22,12,19,0,11,838,179,120,55,147,67,324,92,231,91,513,119,114,61,40,31,18,21
1400000US05119003711,05119003711,"Census Tract 37.11, Pulaski County, Arkansas",3008,266,0,11,0,11,0,11,0,11,0,11,0,11,0,11,0,11,0,11,0,11,37,46,13,21,39,48,33,42,65,58,757,229,147,84,260,104,457,167,143,64,626,182,296,144,79,55,56,46
1400000US05119003712,05119003712,"Census Tract 37.12, Pulaski County, Arkansas",2885,181,0,11,0,11,0,11,0,11,0,11,0,11,0,11,0,11,0,11,12,17,9,15,0,11,40,46,22,25,12,18,582,156,10,15,228,85,637,167,162,60,797,147,259,81,98,51,17,19
1400000US05119003713,05119003713,"Census Tract 37.13, Pulaski County, Arkansas",2641,161,18,21,0,11,0,11,0,11,0,11,0,11,0,11,0,11,0,11,0,11,0,11,0,11,0,11,11,17,16,17,733,166,81,58,179,80,561,143,155,62,687,136,169,76,6,10,25,27
1400000US05119003800,05119003800,"Census Tract 38, Pulaski County, Arkansas",2972,322,48,57,0,11,5,8,10,15,2,6,3,6,0,11,30,50,72,49,14,21,39,36,39,35,65,43,220,111,95,66,1001,226,194,115,135,76,184,96,205,91,495,178,92,75,14,22,10,16
1400000US05119003900,05119003900,"Census Tract 39, Pulaski County, Arkansas",2709,334,0,11,0,11,0,11,0,11,0,11,0,11,0,11,0,11,35,35,0,11,36,33,49,38,60,46,61,37,56,38,698,177,135,76,264,109,401,138,135,75,523,155,189,102,44,53,23,29
1400000US05119004001,05119004001,"Census Tract 40.01, Pulaski County, Arkansas",1728,284,7,13,0,11,0,11,0,11,0,11,0,11,0,11,0,11,0,11,50,54,31,35,15,25,76,65,124,86,10,16,525,187,117,82,31,40,453,144,62,63,189,114,18,20,8,12,12,26
1400000US05119004004,05119004004,"Census Tract 40.04, Pulaski County, Arkansas",2354,253,0,11,0,11,0,11,0,11,0,11,0,11,0,11,24,40,17,30,7,11,8,14,44,39,79,49,105,91,43,32,828,188,210,84,172,68,401,133,175,75,204,98,37,38,0,11,0,11
1400000US05119004005,05119004005,"Census Tract 40.05, Pulaski County, Arkansas",2108,363,5,7,0,11,0,11,6,10,0,11,0,11,0,11,0,11,15,22,10,20,89,58,113,65,35,30,109,53,30,24,767,177,234,104,106,93,324,77,105,88,91,50,63,69,6,11,0,11
1400000US05119004006,05119004006,"Census Tract 40.06, Pulaski County, Arkansas",2657,250,69,44,0,11,8,17,0,11,0,11,0,11,0,11,0,11,4,8,0,11,29,26,54,40,44,29,161,72,46,54,1049,196,195,79,166,85,398,141,76,51,269,126,77,43,12,17,0,11
1400000US05119004007,05119004007,"Census Tract 40.07, Pulaski County, Arkansas",2139,355,67,52,0,11,0,11,0,11,0,11,0,11,0,11,2,4,24,33,0,11,87,64,23,23,85,72,54,42,55,47,702,158,262,174,31,29,353,102,145,82,197,142,41,50,0,11,11,19
1400000US05119004103,05119004103,"Census Tract 41.03, Pulaski County, Arkansas",2233,424,65,72,0,11,0,11,0,11,0,11,0,11,0,11,0,11,77,88,0,11,96,77,9,14,153,113,54,59,41,34,678,198,89,89,151,85,490,168,129,80,121,75,45,52,0,11,35,43
1400000US05119004104,05119004104,"Census Tract 41.04, Pulaski County, Arkansas",1413,137,5,7,0,11,0,11,0,11,0,11,0,11,0,11,0,11,0,11,23,37,33,33,40,37,16,28,39,37,24,21,379,116,64,41,95,46,313,110,85,51,238,72,38,23,17,20,4,7
1400000US05119004105,05119004105,"Census Tract 41.05, Pulaski County, Arkansas",4059,388,38,46,0,16,0,16,0,16,0,16,82,76,87,98,0,16,10,17,45,70,45,53,0,16,93,69,289,225,107,82,1067,258,183,92,311,159,792,196,333,121,452,163,104,92,21,32,0,16
1400000US05119004106,05119004106,"Census Tract 41.06, Pulaski County, Arkansas",3664,579,21,37,0,16,0,16,0,16,0,16,0,16,0,16,78,128,46,76,0,16,59,74,15,34,301,304,422,326,22,34,1011,345,254,183,162,146,517,217,237,146,384,207,123,94,10,17,2,10
1400000US05119004107,05119004107,"Census Tract 41.07, Pulaski County, Arkansas",1874,286,27,20,0,11,0,11,0,11,0,11,42,65,0,11,0,11,81,73,18,29,42,44,31,39,54,59,85,69,58,62,587,178,75,61,114,67,467,196,73,52,104,79,16,18,0,11,0,11
1400000US05119004108,05119004108,"Census Tract 41.08, Pulaski County, Arkansas",2950,362,205,175,0,16,0,16,0,16,0,16,24,38,20,31,41,54,26,31,41,66,59,78,174,143,87,64,177,107,35,37,912,196,145,75,199,106,452,128,154,97,148,82,40,42,11,17,0,16
1400000US05119004201,05119004201,"Census Tract 42.01, Pulaski County, Arkansas",1689,187,19,23,0,11,0,11,0,11,0,11,0,11,0,11,0,11,11,17,0,11,16,22,9,14,11,18,29,27,22,22,559,143,71,44,72,39,300,141,86,55,354,94,67,46,24,25,39,37
1400000US05119004202,05119004202,"Census Tract 42.02, Pulaski County, Arkansas",2643,294,13,18,0,11,0,11,0,11,0,11,0,11,0,11,0,11,0,11,29,46,51,42,30,36,15,18,18,18,35,24,644,252,76,52,155,62,373,108,130,71,638,135,233,87,161,68,42,32
1400000US05119004205,05119004205,"Census Tract 42.05, Pulaski County, Arkansas",2688,247,0,11,0,11,0,11,0,11,0,11,0,11,0,11,0,11,0,11,24,34,18,27,0,11,0,11,0,11,49,50,544,160,31,25,186,101,412,153,165,68,866,176,299,96,50,40,44,27
1400000US05119004207,05119004207,"Census Tract 42.07, Pulaski County, Arkansas",5568,379,36,41,0,16,0,16,0,16,0,16,0,16,0,16,0,16,0,16,58,82,72,88,80,126,41,44,42,51,28,35,674,208,89,86,326,139,668,218,391,135,1703,277,701,173,322,133,337,138
1400000US05119004212,05119004212,"Census Tract 42.12, Pulaski County, Arkansas",4320,298,4,7,0,16,0,16,0,16,0,16,0,16,0,16,0,16,0,16,0,16,10,15,8,13,4,9,16,18,11,17,645,212,125,70,230,113,536,152,94,53,1517,232,686,154,287,118,147,88
1400000US05119004213,05119004213,"Census Tract 42.13, Pulaski County, Arkansas",2992,172,0,11,0,11,0,11,0,11,0,11,0,11,0,11,0,11,0,11,0,11,11,17,0,11,0,11,0,11,0,11,216,77,47,27,75,46,182,61,129,69,1373,169,502,114,250,69,207,85
1400000US05119004214,05119004214,"Census Tract 42.14, Pulaski County, Arkansas",2137,250,0,11,0,11,0,11,0,11,0,11,0,11,0,11,7,12,197,253,0,11,10,17,0,11,11,17,0,11,0,11,211,95,24,23,125,72,340,106,113,63,543,116,227,79,165,62,164,67
1400000US05119004215,05119004215,"Census Tract 42.15, Pulaski County, Arkansas",3735,306,0,16,0,16,0,16,41,62,0,16,0,16,0,16,0,16,0,16,0,16,24,38,64,61,8,18,71,99,0,16,215,113,9,18,97,72,556,191,363,198,1377,309,436,221,343,191,131,73
1400000US05119004216,05119004216,"Census Tract 42.16, Pulaski County, Arkansas",4513,511,15,22,0,16,0,16,0,16,0,16,0,16,0,16,0,16,0,16,0,16,20,26,14,21,66,60,14,22,0,16,514,205,100,110,115,63,1104,332,196,109,1303,290,456,142,204,112,392,147
1400000US05119004218,05119004218,"Census Tract 42.18, Pulaski County, Arkansas",2221,204,0,11,0,11,0,11,0,11,0,11,0,11,0,11,0,11,0,11,19,31,0,11,0,11,29,34,0,11,0,11,365,140,14,15,58,45,360,123,175,85,843,142,259,115,46,43,53,44
1400000US05119004219,05119004219,"Census Tract 42.19, Pulaski County, Arkansas",4273,373,0,16,0,16,0,16,0,16,0,16,0,16,11,17,0,16,0,16,15,24,0,16,0,16,13,21,27,39,0,16,379,143,70,58,173,103,694,210,253,144,1437,274,684,177,246,97,271,120
1400000US05119004220,05119004220,"Census Tract 42.20, Pulaski County, Arkansas",3730,383,0,16,0,16,0,16,0,16,0,16,37,47,0,16,0,16,0,16,0,16,0,16,46,74,0,16,63,65,54,57,541,143,0,16,241,149,814,221,236,80,1031,250,508,186,68,62,91,69
1400000US05119004221,05119004221,"Census Tract 42.21, Pulaski County, Arkansas",3688,334,46,67,0,16,0,16,0,16,0,16,0,16,0,16,0,16,0,16,48,58,33,44,2,7,70,59,38,44,36,36,899,269,181,80,264,103,874,200,220,131,634,162,254,116,28,32,61,48
1400000US05119004302,05119004302,"Census Tract 43.02, Pulaski County, Arkansas",3734,369,96,85,0,11,0,11,0,11,15,24,24,41,0,11,0,11,0,11,46,72,33,52,67,68,194,182,124,139,57,56,1159,237,124,91,268,120,825,241,71,58,445,183,114,82,36,41,36,44
1400000US05119004303,05119004303,"Census Tract 43.03, Pulaski County, Arkansas",8075,566,121,234,0,18,0,18,0,18,0,18,0,18,0,18,0,18,0,18,30,51,1,2,1,2,206,160,62,97,63,55,1112,321,104,114,176,120,1623,472,554,251,2750,595,935,315,139,107,198,138
1400000US05119004305,05119004305,"Census Tract 43.05, Pulaski County, Arkansas",5022,304,53,54,0,16,0,16,0,16,0,16,0,16,0,16,0,16,0,16,0,16,20,30,0,16,93,74,21,36,72,57,942,241,120,84,199,90,805,208,266,105,1529,281,650,203,161,105,91,61
1400000US05119004306,05119004306,"Census Tract 43.06, Pulaski County, Arkansas",3734,274,0,16,0,16,0,16,0,16,0,16,0,16,0,16,0,16,0,16,0,16,0,16,0,16,0,16,77,64,15,25,523,169,100,88,235,162,1038,166,197,101,1030,187,344,147,137,83,38,36
1400000US05119004400,05119004400,"Census Tract 44, Pulaski County, Arkansas",1212,190,24,33,0,11,0,11,0,11,0,11,0,11,0,11,0,11,24,37,0,11,0,11,29,43,10,19,37,42,5,7,143,77,35,36,34,35,210,81,35,34,366,107,134,87,30,27,96,55
1400000US05119004500,05119004500,"Census Tract 45, Pulaski County, Arkansas",1435,202,52,53,0,11,0,11,0,11,0,11,0,11,0,11,0,11,0,11,23,22,36,27,25,26,38,43,44,36,11,12,496,166,95,43,74,40,221,98,83,76,179,69,22,19,32,30,4,8
1400000US05119004600,05119004600,"Census Tract 46, Pulaski County, Arkansas",2227,342,10,15,0,11,67,73,0,11,0,11,0,11,0,11,0,11,0,11,0,11,0,11,28,32,76,43,76,52,49,58,441,133,72,57,201,92,660,217,75,55,317,105,109,55,46,36,0,11
1400000US05119004700,05119004700,"Census Tract 47, Pulaski County, Arkansas",2375,313,7,14,0,11,0,11,0,11,6,13,0,11,0,11,3,8,0,11,0,11,0,11,60,52,87,68,46,47,16,17,447,128,126,108,124,95,385,126,105,58,530,149,306,111,73,57,54,43
1400000US05119004800,05119004800,"Census Tract 48, Pulaski County, Arkansas",2019,233,0,11,0,11,0,11,0,11,0,11,0,11,0,11,0,11,0,11,6,11,5,11,23,23,19,29,79,65,14,22,296,109,41,28,117,60,487,173,49,36,551,129,252,86,32,45,48,44
1400000US05119004900,05119004900,"Census Tract 49, Pulaski County, Arkansas",4748,317,16,24,0,16,0,16,0,16,0,16,0,16,0,16,0,16,0,16,0,16,0,16,6,11,16,22,66,96,22,35,531,292,114,97,87,61,670,182,235,93,1844,230,586,121,433,139,122,56
